Symbol,Date,Close
AAPL,2017-01-02,115.82
AAPL,2017-01-03,116.15
AAPL,2017-01-04,116.02
AAPL,2017-01-05,116.61
AAPL,2017-01-06,117.91
AAPL,2017-01-09,118.99
AAPL,2017-01-10,119.11
AAPL,2017-01-11,119.75
AAPL,2017-01-12,119.25
AAPL,2017-01-13,119.04
AAPL,2017-01-16,119.04
AAPL,2017-01-17,120
AAPL,2017-01-18,119.99
AAPL,2017-01-19,119.78
AAPL,2017-01-20,120
AAPL,2017-01-23,120.08
AAPL,2017-01-24,119.97
AAPL,2017-01-25,121.88
AAPL,2017-01-26,121.94
AAPL,2017-01-27,121.95
AAPL,2017-01-30,121.63
AAPL,2017-01-31,121.35
AAPL,2017-02-01,128.75
AAPL,2017-02-02,128.53
AAPL,2017-02-03,129.08
AAPL,2017-02-06,130.29
AAPL,2017-02-07,131.53
AAPL,2017-02-08,132.04
AAPL,2017-02-09,132.42
AAPL,2017-02-10,132.12
AAPL,2017-02-13,133.29
AAPL,2017-02-14,135.02
AAPL,2017-02-15,135.51
AAPL,2017-02-16,135.345
AAPL,2017-02-17,135.72
AAPL,2017-02-20,135.72
AAPL,2017-02-21,136.7
AAPL,2017-02-22,137.11
AAPL,2017-02-23,136.53
AAPL,2017-02-24,136.66
AAPL,2017-02-27,136.93
AAPL,2017-02-28,136.99
AAPL,2017-03-01,139.79
AAPL,2017-03-02,138.96
AAPL,2017-03-03,139.78
AAPL,2017-03-06,139.34
AAPL,2017-03-07,139.52
AAPL,2017-03-08,139
AAPL,2017-03-09,138.68
AAPL,2017-03-10,139.14
AAPL,2017-03-13,139.2
AAPL,2017-03-14,138.99
AAPL,2017-03-15,140.46
AAPL,2017-03-16,140.69
AAPL,2017-03-17,139.99
AAPL,2017-03-20,141.46
AAPL,2017-03-21,139.84
AAPL,2017-03-22,141.42
AAPL,2017-03-23,140.92
AAPL,2017-03-24,140.64
AAPL,2017-03-27,140.88
AAPL,2017-03-28,143.8
AAPL,2017-03-29,144.12
AAPL,2017-03-30,143.93
AAPL,2017-03-31,143.66
AAPL,2017-04-03,143.7
AAPL,2017-04-04,144.77
AAPL,2017-04-05,144.02
AAPL,2017-04-06,143.66
AAPL,2017-04-07,143.34
AAPL,2017-04-10,143.17
AAPL,2017-04-11,141.63
AAPL,2017-04-12,141.8
AAPL,2017-04-13,141.05
AAPL,2017-04-14,141.05
AAPL,2017-04-17,141.83
AAPL,2017-04-18,141.2
AAPL,2017-04-19,140.68
AAPL,2017-04-20,142.44
AAPL,2017-04-21,142.27
AAPL,2017-04-24,143.64
AAPL,2017-04-25,144.53
AAPL,2017-04-26,143.68
AAPL,2017-04-27,143.79
AAPL,2017-04-28,143.65
AAPL,2017-05-01,146.58
AAPL,2017-05-02,147.51
AAPL,2017-05-03,147.06
AAPL,2017-05-04,146.53
AAPL,2017-05-05,148.96
AAPL,2017-05-08,153.01
AAPL,2017-05-09,153.99
AAPL,2017-05-10,153.26
AAPL,2017-05-11,153.95
AAPL,2017-05-12,156.1
AAPL,2017-05-15,155.7
AAPL,2017-05-16,155.47
AAPL,2017-05-17,150.25
AAPL,2017-05-18,152.54
AAPL,2017-05-19,153.06
AAPL,2017-05-22,153.99
AAPL,2017-05-23,153.8
AAPL,2017-05-24,153.34
AAPL,2017-05-25,153.87
AAPL,2017-05-26,153.61
AAPL,2017-05-29,153.61
AAPL,2017-05-30,153.67
AAPL,2017-05-31,152.76
AAPL,2017-06-01,153.18
AAPL,2017-06-02,155.45
AAPL,2017-06-05,153.93
AAPL,2017-06-06,154.45
AAPL,2017-06-07,155.37
AAPL,2017-06-08,154.99
AAPL,2017-06-09,148.98
AAPL,2017-06-12,145.42
AAPL,2017-06-13,146.59
AAPL,2017-06-14,145.16
AAPL,2017-06-15,144.29
AAPL,2017-06-16,142.27
AAPL,2017-06-19,146.34
AAPL,2017-06-20,145.01
AAPL,2017-06-21,145.87
AAPL,2017-06-22,145.63
AAPL,2017-06-23,146.28
AAPL,2017-06-26,145.82
AAPL,2017-06-27,143.73
AAPL,2017-06-28,145.83
AAPL,2017-06-29,143.68
AAPL,2017-06-30,144.02
AAPL,2017-07-03,143.5
AAPL,2017-07-04,143.5
AAPL,2017-07-05,144.09
AAPL,2017-07-06,142.73
AAPL,2017-07-07,144.18
AAPL,2017-07-10,145.06
AAPL,2017-07-11,145.53
AAPL,2017-07-12,145.74
AAPL,2017-07-13,147.77
AAPL,2017-07-14,149.04
AAPL,2017-07-17,149.56
AAPL,2017-07-18,150.08
AAPL,2017-07-19,151.02
AAPL,2017-07-20,150.34
AAPL,2017-07-21,150.27
AAPL,2017-07-24,152.09
AAPL,2017-07-25,152.74
AAPL,2017-07-26,153.46
AAPL,2017-07-27,150.56
AAPL,2017-07-28,149.5
AAPL,2017-07-31,148.73
AAPL,2017-08-01,150.05
AAPL,2017-08-02,157.14
AAPL,2017-08-03,155.57
AAPL,2017-08-04,156.39
AAPL,2017-08-07,158.81
AAPL,2017-08-08,160.08
AAPL,2017-08-09,161.06
AAPL,2017-08-10,155.32
AAPL,2017-08-11,157.48
AAPL,2017-08-14,159.85
AAPL,2017-08-15,161.6
AAPL,2017-08-16,160.95
AAPL,2017-08-17,157.86
AAPL,2017-08-18,157.5
AAPL,2017-08-21,157.21
AAPL,2017-08-22,159.78
AAPL,2017-08-23,159.98
AAPL,2017-08-24,159.27
AAPL,2017-08-25,159.86
AAPL,2017-08-28,161.47
AAPL,2017-08-29,162.91
AAPL,2017-08-30,163.35
AAPL,2017-08-31,164
AAPL,2017-09-01,164.05
AAPL,2017-09-04,164.05
AAPL,2017-09-05,162.08
AAPL,2017-09-06,161.91
AAPL,2017-09-07,161.26
AAPL,2017-09-08,158.63
AAPL,2017-09-11,161.5
AAPL,2017-09-12,160.86
AAPL,2017-09-13,159.65
AAPL,2017-09-14,158.28
AAPL,2017-09-15,159.88
AAPL,2017-09-18,158.67
AAPL,2017-09-19,158.73
AAPL,2017-09-20,156.07
AAPL,2017-09-21,153.39
AAPL,2017-09-22,151.89
AAPL,2017-09-25,150.55
AAPL,2017-09-26,153.14
AAPL,2017-09-27,154.23
AAPL,2017-09-28,153.28
AAPL,2017-09-29,154.12
AAPL,2017-10-02,153.81
AAPL,2017-10-03,154.48
AAPL,2017-10-04,153.48
AAPL,2017-10-05,155.39
AAPL,2017-10-06,155.3
AAPL,2017-10-09,155.84
AAPL,2017-10-10,155.9
AAPL,2017-10-11,156.55
AAPL,2017-10-12,156
AAPL,2017-10-13,156.99
AAPL,2017-10-16,159.88
AAPL,2017-10-17,160.47
AAPL,2017-10-18,159.76
AAPL,2017-10-19,155.98
AAPL,2017-10-20,156.25
AAPL,2017-10-23,156.17
AAPL,2017-10-24,157.1
AAPL,2017-10-25,156.41
AAPL,2017-10-26,157.41
AAPL,2017-10-27,163.05
AAPL,2017-10-30,166.72
AAPL,2017-10-31,169.04
AAPL,2017-11-01,166.89
AAPL,2017-11-02,168.11
AAPL,2017-11-03,172.5
AAPL,2017-11-06,174.25
AAPL,2017-11-07,174.81
AAPL,2017-11-08,176.24
AAPL,2017-11-09,175.88
AAPL,2017-11-10,174.67
AAPL,2017-11-13,173.97
AAPL,2017-11-14,171.34
AAPL,2017-11-15,169.08
AAPL,2017-11-16,171.1
AAPL,2017-11-17,170.15
AAPL,2017-11-20,169.98
AAPL,2017-11-21,173.14
AAPL,2017-11-22,174.96
AAPL,2017-11-23,174.96
AAPL,2017-11-24,174.97
AAPL,2017-11-27,174.09
AAPL,2017-11-28,173.07
AAPL,2017-11-29,169.48
AAPL,2017-11-30,171.85
AAPL,2017-12-01,171.05
AAPL,2017-12-04,169.8
AAPL,2017-12-05,169.64
AAPL,2017-12-06,169.01
AAPL,2017-12-07,169.32
AAPL,2017-12-08,169.37
AAPL,2017-12-11,172.67
AAPL,2017-12-12,171.7
AAPL,2017-12-13,172.27
AAPL,2017-12-14,172.22
AAPL,2017-12-15,173.97
AAPL,2017-12-18,176.42
AAPL,2017-12-19,174.54
AAPL,2017-12-20,174.35
AAPL,2017-12-21,175.01
AAPL,2017-12-22,175.01
AAPL,2017-12-25,175.01
AAPL,2017-12-26,170.57
AAPL,2017-12-27,170.6
AAPL,2017-12-28,171.08
AAPL,2017-12-29,169.23
MSFT,2017-01-02,62.14
MSFT,2017-01-03,62.58
MSFT,2017-01-04,62.3
MSFT,2017-01-05,62.3
MSFT,2017-01-06,62.84
MSFT,2017-01-09,62.64
MSFT,2017-01-10,62.62
MSFT,2017-01-11,63.19
MSFT,2017-01-12,62.61
MSFT,2017-01-13,62.7
MSFT,2017-01-16,62.7
MSFT,2017-01-17,62.53
MSFT,2017-01-18,62.5
MSFT,2017-01-19,62.3
MSFT,2017-01-20,62.74
MSFT,2017-01-23,62.96
MSFT,2017-01-24,63.52
MSFT,2017-01-25,63.68
MSFT,2017-01-26,64.27
MSFT,2017-01-27,65.78
MSFT,2017-01-30,65.13
MSFT,2017-01-31,64.65
MSFT,2017-02-01,63.58
MSFT,2017-02-02,63.17
MSFT,2017-02-03,63.68
MSFT,2017-02-06,63.64
MSFT,2017-02-07,63.43
MSFT,2017-02-08,63.34
MSFT,2017-02-09,64.06
MSFT,2017-02-10,64
MSFT,2017-02-13,64.72
MSFT,2017-02-14,64.57
MSFT,2017-02-15,64.53
MSFT,2017-02-16,64.52
MSFT,2017-02-17,64.62
MSFT,2017-02-20,64.62
MSFT,2017-02-21,64.49
MSFT,2017-02-22,64.36
MSFT,2017-02-23,64.62
MSFT,2017-02-24,64.62
MSFT,2017-02-27,64.23
MSFT,2017-02-28,63.98
MSFT,2017-03-01,64.94
MSFT,2017-03-02,64.01
MSFT,2017-03-03,64.25
MSFT,2017-03-06,64.27
MSFT,2017-03-07,64.4
MSFT,2017-03-08,64.99
MSFT,2017-03-09,64.73
MSFT,2017-03-10,64.93
MSFT,2017-03-13,64.71
MSFT,2017-03-14,64.41
MSFT,2017-03-15,64.75
MSFT,2017-03-16,64.64
MSFT,2017-03-17,64.87
MSFT,2017-03-20,64.93
MSFT,2017-03-21,64.21
MSFT,2017-03-22,65.03
MSFT,2017-03-23,64.87
MSFT,2017-03-24,64.98
MSFT,2017-03-27,65.1
MSFT,2017-03-28,65.29
MSFT,2017-03-29,65.47
MSFT,2017-03-30,65.71
MSFT,2017-03-31,65.86
MSFT,2017-04-03,65.55
MSFT,2017-04-04,65.73
MSFT,2017-04-05,65.56
MSFT,2017-04-06,65.73
MSFT,2017-04-07,65.68
MSFT,2017-04-10,65.53
MSFT,2017-04-11,65.48
MSFT,2017-04-12,65.23
MSFT,2017-04-13,64.95
MSFT,2017-04-14,64.95
MSFT,2017-04-17,65.48
MSFT,2017-04-18,65.39
MSFT,2017-04-19,65.04
MSFT,2017-04-20,65.5
MSFT,2017-04-21,66.4
MSFT,2017-04-24,67.53
MSFT,2017-04-25,67.92
MSFT,2017-04-26,67.83
MSFT,2017-04-27,68.27
MSFT,2017-04-28,68.46
MSFT,2017-05-01,69.41
MSFT,2017-05-02,69.3
MSFT,2017-05-03,69.08
MSFT,2017-05-04,68.81
MSFT,2017-05-05,69
MSFT,2017-05-08,68.94
MSFT,2017-05-09,69.04
MSFT,2017-05-10,69.31
MSFT,2017-05-11,68.46
MSFT,2017-05-12,68.38
MSFT,2017-05-15,68.43
MSFT,2017-05-16,69.41
MSFT,2017-05-17,67.48
MSFT,2017-05-18,67.71
MSFT,2017-05-19,67.69
MSFT,2017-05-22,68.45
MSFT,2017-05-23,68.68
MSFT,2017-05-24,68.77
MSFT,2017-05-25,69.62
MSFT,2017-05-26,69.96
MSFT,2017-05-29,69.96
MSFT,2017-05-30,70.41
MSFT,2017-05-31,69.84
MSFT,2017-06-01,70.1
MSFT,2017-06-02,71.76
MSFT,2017-06-05,72.28
MSFT,2017-06-06,72.52
MSFT,2017-06-07,72.39
MSFT,2017-06-08,71.95
MSFT,2017-06-09,70.32
MSFT,2017-06-12,69.78
MSFT,2017-06-13,70.65
MSFT,2017-06-14,70.27
MSFT,2017-06-15,69.9
MSFT,2017-06-16,70
MSFT,2017-06-19,70.87
MSFT,2017-06-20,69.91
MSFT,2017-06-21,70.27
MSFT,2017-06-22,70.26
MSFT,2017-06-23,71.21
MSFT,2017-06-26,70.53
MSFT,2017-06-27,69.21
MSFT,2017-06-28,69.8
MSFT,2017-06-29,68.49
MSFT,2017-06-30,68.93
MSFT,2017-07-03,68.17
MSFT,2017-07-04,68.17
MSFT,2017-07-05,69.08
MSFT,2017-07-06,68.57
MSFT,2017-07-07,69.46
MSFT,2017-07-10,69.98
MSFT,2017-07-11,69.99
MSFT,2017-07-12,71.15
MSFT,2017-07-13,71.77
MSFT,2017-07-14,72.78
MSFT,2017-07-17,73.35
MSFT,2017-07-18,73.3
MSFT,2017-07-19,73.86
MSFT,2017-07-20,74.22
MSFT,2017-07-21,73.79
MSFT,2017-07-24,73.6
MSFT,2017-07-25,74.19
MSFT,2017-07-26,74.05
MSFT,2017-07-27,73.16
MSFT,2017-07-28,73.04
MSFT,2017-07-31,72.7
MSFT,2017-08-01,72.58
MSFT,2017-08-02,72.26
MSFT,2017-08-03,72.15
MSFT,2017-08-04,72.68
MSFT,2017-08-07,72.4
MSFT,2017-08-08,72.79
MSFT,2017-08-09,72.47
MSFT,2017-08-10,71.41
MSFT,2017-08-11,72.5
MSFT,2017-08-14,73.59
MSFT,2017-08-15,73.22
MSFT,2017-08-16,73.65
MSFT,2017-08-17,72.4
MSFT,2017-08-18,72.49
MSFT,2017-08-21,72.15
MSFT,2017-08-22,73.16
MSFT,2017-08-23,72.72
MSFT,2017-08-24,72.69
MSFT,2017-08-25,72.82
MSFT,2017-08-28,72.83
MSFT,2017-08-29,73.05
MSFT,2017-08-30,74.01
MSFT,2017-08-31,74.77
MSFT,2017-09-01,73.94
MSFT,2017-09-04,73.94
MSFT,2017-09-05,73.61
MSFT,2017-09-06,73.4
MSFT,2017-09-07,74.34
MSFT,2017-09-08,73.98
MSFT,2017-09-11,74.76
MSFT,2017-09-12,74.68
MSFT,2017-09-13,75.21
MSFT,2017-09-14,74.77
MSFT,2017-09-15,75.31
MSFT,2017-09-18,75.16
MSFT,2017-09-19,75.44
MSFT,2017-09-20,74.94
MSFT,2017-09-21,74.21
MSFT,2017-09-22,74.41
MSFT,2017-09-25,73.26
MSFT,2017-09-26,73.26
MSFT,2017-09-27,73.85
MSFT,2017-09-28,73.87
MSFT,2017-09-29,74.49
MSFT,2017-10-02,74.61
MSFT,2017-10-03,74.26
MSFT,2017-10-04,74.69
MSFT,2017-10-05,75.97
MSFT,2017-10-06,76
MSFT,2017-10-09,76.29
MSFT,2017-10-10,76.29
MSFT,2017-10-11,76.42
MSFT,2017-10-12,77.12
MSFT,2017-10-13,77.49
MSFT,2017-10-16,77.65
MSFT,2017-10-17,77.59
MSFT,2017-10-18,77.61
MSFT,2017-10-19,77.91
MSFT,2017-10-20,78.81
MSFT,2017-10-23,78.83
MSFT,2017-10-24,78.86
MSFT,2017-10-25,78.63
MSFT,2017-10-26,78.76
MSFT,2017-10-27,83.81
MSFT,2017-10-30,83.89
MSFT,2017-10-31,83.18
MSFT,2017-11-01,83.18
MSFT,2017-11-02,84.05
MSFT,2017-11-03,84.14
MSFT,2017-11-06,84.47
MSFT,2017-11-07,84.27
MSFT,2017-11-08,84.56
MSFT,2017-11-09,84.09
MSFT,2017-11-10,83.87
MSFT,2017-11-13,83.93
MSFT,2017-11-14,84.05
MSFT,2017-11-15,82.98
MSFT,2017-11-16,83.2
MSFT,2017-11-17,82.4
MSFT,2017-11-20,82.53
MSFT,2017-11-21,83.72
MSFT,2017-11-22,83.11
MSFT,2017-11-23,83.11
MSFT,2017-11-24,83.26
MSFT,2017-11-27,83.87
MSFT,2017-11-28,84.88
MSFT,2017-11-29,83.34
MSFT,2017-11-30,84.17
MSFT,2017-12-01,84.26
MSFT,2017-12-04,81.08
MSFT,2017-12-05,81.59
MSFT,2017-12-06,82.78
MSFT,2017-12-07,82.49
MSFT,2017-12-08,84.16
MSFT,2017-12-11,85.23
MSFT,2017-12-12,85.58
MSFT,2017-12-13,85.35
MSFT,2017-12-14,84.69
MSFT,2017-12-15,86.85
MSFT,2017-12-18,86.38
MSFT,2017-12-19,85.83
MSFT,2017-12-20,85.52
MSFT,2017-12-21,85.5
MSFT,2017-12-22,85.51
MSFT,2017-12-25,85.51
MSFT,2017-12-26,85.4
MSFT,2017-12-27,85.71
MSFT,2017-12-28,85.72
MSFT,2017-12-29,85.54
MMM,2017-01-02,178.57
MMM,2017-01-03,178.05
MMM,2017-01-04,178.32
MMM,2017-01-05,177.71
MMM,2017-01-06,178.23
MMM,2017-01-09,177.27
MMM,2017-01-10,176.58
MMM,2017-01-11,177.89
MMM,2017-01-12,177.44
MMM,2017-01-13,177.39
MMM,2017-01-16,177.39
MMM,2017-01-17,177.26
MMM,2017-01-18,178.49
MMM,2017-01-19,178.68
MMM,2017-01-20,178.49
MMM,2017-01-23,178.51
MMM,2017-01-24,175.97
MMM,2017-01-25,176.73
MMM,2017-01-26,176.82
MMM,2017-01-27,177.48
MMM,2017-01-30,175.42
MMM,2017-01-31,174.82
MMM,2017-02-01,175.17
MMM,2017-02-02,174.18
MMM,2017-02-03,175.04
MMM,2017-02-06,175.1
MMM,2017-02-07,175.76
MMM,2017-02-08,177.07
MMM,2017-02-09,178.18
MMM,2017-02-10,179
MMM,2017-02-13,181.02
MMM,2017-02-14,181.6
MMM,2017-02-15,181.7
MMM,2017-02-16,183.41
MMM,2017-02-17,182.95
MMM,2017-02-20,182.95
MMM,2017-02-21,183.37
MMM,2017-02-22,186.04
MMM,2017-02-23,187.19
MMM,2017-02-24,187.41
MMM,2017-02-27,186.91
MMM,2017-02-28,186.35
MMM,2017-03-01,189.86
MMM,2017-03-02,189.89
MMM,2017-03-03,189.31
MMM,2017-03-06,188.9
MMM,2017-03-07,189.09
MMM,2017-03-08,189.51
MMM,2017-03-09,189.9
MMM,2017-03-10,191.21
MMM,2017-03-13,191.52
MMM,2017-03-14,190.33
MMM,2017-03-15,191.2
MMM,2017-03-16,190.31
MMM,2017-03-17,192.36
MMM,2017-03-20,193.01
MMM,2017-03-21,192.13
MMM,2017-03-22,192.22
MMM,2017-03-23,192.14
MMM,2017-03-24,191.51
MMM,2017-03-27,190.43
MMM,2017-03-28,190.99
MMM,2017-03-29,190.68
MMM,2017-03-30,191.28
MMM,2017-03-31,191.33
MMM,2017-04-03,190.72
MMM,2017-04-04,190.19
MMM,2017-04-05,190.24
MMM,2017-04-06,189.89
MMM,2017-04-07,189.99
MMM,2017-04-10,189.71
MMM,2017-04-11,190.07
MMM,2017-04-12,189.7
MMM,2017-04-13,188.65
MMM,2017-04-14,188.65
MMM,2017-04-17,190.36
MMM,2017-04-18,190.22
MMM,2017-04-19,189.83
MMM,2017-04-20,191.16
MMM,2017-04-21,191.5
MMM,2017-04-24,194.23
MMM,2017-04-25,195.13
MMM,2017-04-26,195
MMM,2017-04-27,196.11
MMM,2017-04-28,195.83
MMM,2017-05-01,194.81
MMM,2017-05-02,196.53
MMM,2017-05-03,197.63
MMM,2017-05-04,199.51
MMM,2017-05-05,199.4
MMM,2017-05-08,198.65
MMM,2017-05-09,197.96
MMM,2017-05-10,196.64
MMM,2017-05-11,196.75
MMM,2017-05-12,196.57
MMM,2017-05-15,197.63
MMM,2017-05-16,197.91
MMM,2017-05-17,194.84
MMM,2017-05-18,195.24
MMM,2017-05-19,195.8
MMM,2017-05-22,198.51
MMM,2017-05-23,197.73
MMM,2017-05-24,197.49
MMM,2017-05-25,199.54
MMM,2017-05-26,200.67
MMM,2017-05-29,200.67
MMM,2017-05-30,202.44
MMM,2017-05-31,204.47
MMM,2017-06-01,204.35
MMM,2017-06-02,206.7
MMM,2017-06-05,206.22
MMM,2017-06-06,205.41
MMM,2017-06-07,205.01
MMM,2017-06-08,205.94
MMM,2017-06-09,206.93
MMM,2017-06-12,207.39
MMM,2017-06-13,209.11
MMM,2017-06-14,210.01
MMM,2017-06-15,211.29
MMM,2017-06-16,213.24
MMM,2017-06-19,213.36
MMM,2017-06-20,213.36
MMM,2017-06-21,212.86
MMM,2017-06-22,212.22
MMM,2017-06-23,212.9
MMM,2017-06-26,212.61
MMM,2017-06-27,209.78
MMM,2017-06-28,210.62
MMM,2017-06-29,207.85
MMM,2017-06-30,208.19
MMM,2017-07-03,209.83
MMM,2017-07-04,209.83
MMM,2017-07-05,209.76
MMM,2017-07-06,208.02
MMM,2017-07-07,209.59
MMM,2017-07-10,210.49
MMM,2017-07-11,209.66
MMM,2017-07-12,211.3
MMM,2017-07-13,211.09
MMM,2017-07-14,211.77
MMM,2017-07-17,211.68
MMM,2017-07-18,211.31
MMM,2017-07-19,212.1
MMM,2017-07-20,212.45
MMM,2017-07-21,211.16
MMM,2017-07-24,210
MMM,2017-07-25,199.39
MMM,2017-07-26,199.03
MMM,2017-07-27,200.05
MMM,2017-07-28,199.72
MMM,2017-07-31,201.17
MMM,2017-08-01,203.18
MMM,2017-08-02,205.41
MMM,2017-08-03,207.62
MMM,2017-08-04,207.65
MMM,2017-08-07,207.44
MMM,2017-08-08,206.43
MMM,2017-08-09,206.48
MMM,2017-08-10,206.23
MMM,2017-08-11,205.98
MMM,2017-08-14,207.37
MMM,2017-08-15,207.18
MMM,2017-08-16,207.92
MMM,2017-08-17,205.35
MMM,2017-08-18,203.53
MMM,2017-08-21,204.55
MMM,2017-08-22,205.46
MMM,2017-08-23,202.67
MMM,2017-08-24,202.12
MMM,2017-08-25,202.13
MMM,2017-08-28,202.46
MMM,2017-08-29,202.92
MMM,2017-08-30,203.69
MMM,2017-08-31,204.32
MMM,2017-09-01,203.56
MMM,2017-09-04,203.56
MMM,2017-09-05,200.98
MMM,2017-09-06,202.05
MMM,2017-09-07,204.46
MMM,2017-09-08,205.69
MMM,2017-09-11,209.56
MMM,2017-09-12,209.64
MMM,2017-09-13,209.49
MMM,2017-09-14,211.43
MMM,2017-09-15,213.35
MMM,2017-09-18,213.76
MMM,2017-09-19,213.56
MMM,2017-09-20,210.51
MMM,2017-09-21,210.44
MMM,2017-09-22,210.76
MMM,2017-09-25,210.73
MMM,2017-09-26,211.03
MMM,2017-09-27,209.48
MMM,2017-09-28,209.55
MMM,2017-09-29,209.9
MMM,2017-10-02,212.76
MMM,2017-10-03,214.57
MMM,2017-10-04,216.52
MMM,2017-10-05,216.37
MMM,2017-10-06,216.52
MMM,2017-10-09,216.68
MMM,2017-10-10,216.75
MMM,2017-10-11,216.51
MMM,2017-10-12,217.59
MMM,2017-10-13,217.72
MMM,2017-10-16,218.72
MMM,2017-10-17,217.75
MMM,2017-10-18,218.27
MMM,2017-10-19,219.24
MMM,2017-10-20,221.32
MMM,2017-10-23,221.55
MMM,2017-10-24,234.65
MMM,2017-10-25,237.68
MMM,2017-10-26,232.94
MMM,2017-10-27,234.74
MMM,2017-10-30,231.02
MMM,2017-10-31,230.19
MMM,2017-11-01,230.18
MMM,2017-11-02,232.23
MMM,2017-11-03,232.22
MMM,2017-11-06,230.31
MMM,2017-11-07,230.05
MMM,2017-11-08,229.83
MMM,2017-11-09,228.39
MMM,2017-11-10,227.45
MMM,2017-11-13,228.22
MMM,2017-11-14,229.33
MMM,2017-11-15,227.4
MMM,2017-11-16,229.42
MMM,2017-11-17,229.36
MMM,2017-11-20,231.49
MMM,2017-11-21,234.09
MMM,2017-11-22,231.58
MMM,2017-11-23,231.58
MMM,2017-11-24,231.38
MMM,2017-11-27,234
MMM,2017-11-28,235.63
MMM,2017-11-29,238.01
MMM,2017-11-30,243.14
MMM,2017-12-01,241.15
MMM,2017-12-04,239.26
MMM,2017-12-05,238.26
MMM,2017-12-06,238.67
MMM,2017-12-07,240.3
MMM,2017-12-08,238.13
MMM,2017-12-11,239.3
MMM,2017-12-12,236.58
MMM,2017-12-13,239.11
MMM,2017-12-14,238.08
MMM,2017-12-15,238
MMM,2017-12-18,238.42
MMM,2017-12-19,238.39
MMM,2017-12-20,236.92
MMM,2017-12-21,234.78
MMM,2017-12-22,234.73
MMM,2017-12-25,234.73
MMM,2017-12-26,235.45
MMM,2017-12-27,236.2
MMM,2017-12-28,235.72
MMM,2017-12-29,235.37
TSLA,2017-01-02,213.69
TSLA,2017-01-03,216.99
TSLA,2017-01-04,226.99
TSLA,2017-01-05,226.75
TSLA,2017-01-06,229.01
TSLA,2017-01-09,231.28
TSLA,2017-01-10,229.87
TSLA,2017-01-11,229.73
TSLA,2017-01-12,229.59
TSLA,2017-01-13,237.75
TSLA,2017-01-16,237.75
TSLA,2017-01-17,235.58
TSLA,2017-01-18,238.36
TSLA,2017-01-19,243.76
TSLA,2017-01-20,244.73
TSLA,2017-01-23,248.92
TSLA,2017-01-24,254.61
TSLA,2017-01-25,254.47
TSLA,2017-01-26,252.51
TSLA,2017-01-27,252.95
TSLA,2017-01-30,250.63
TSLA,2017-01-31,251.93
TSLA,2017-02-01,249.24
TSLA,2017-02-02,251.55
TSLA,2017-02-03,251.33
TSLA,2017-02-06,257.77
TSLA,2017-02-07,257.48
TSLA,2017-02-08,262.08
TSLA,2017-02-09,269.2
TSLA,2017-02-10,269.23
TSLA,2017-02-13,280.6
TSLA,2017-02-14,280.98
TSLA,2017-02-15,279.76
TSLA,2017-02-16,268.95
TSLA,2017-02-17,272.23
TSLA,2017-02-20,272.23
TSLA,2017-02-21,277.39
TSLA,2017-02-22,273.51
TSLA,2017-02-23,255.99
TSLA,2017-02-24,257
TSLA,2017-02-27,246.23
TSLA,2017-02-28,249.99
TSLA,2017-03-01,250.02
TSLA,2017-03-02,250.48
TSLA,2017-03-03,251.57
TSLA,2017-03-06,251.21
TSLA,2017-03-07,248.59
TSLA,2017-03-08,246.87
TSLA,2017-03-09,244.9
TSLA,2017-03-10,243.69
TSLA,2017-03-13,246.17
TSLA,2017-03-14,258
TSLA,2017-03-15,255.73
TSLA,2017-03-16,262.05
TSLA,2017-03-17,261.5
TSLA,2017-03-20,261.92
TSLA,2017-03-21,250.68
TSLA,2017-03-22,255.01
TSLA,2017-03-23,254.78
TSLA,2017-03-24,263.16
TSLA,2017-03-27,270.22
TSLA,2017-03-28,277.45
TSLA,2017-03-29,277.38
TSLA,2017-03-30,277.92
TSLA,2017-03-31,278.3
TSLA,2017-04-03,298.52
TSLA,2017-04-04,303.7
TSLA,2017-04-05,295
TSLA,2017-04-06,298.7
TSLA,2017-04-07,302.54
TSLA,2017-04-10,312.39
TSLA,2017-04-11,308.71
TSLA,2017-04-12,296.84
TSLA,2017-04-13,304
TSLA,2017-04-14,304
TSLA,2017-04-17,301.44
TSLA,2017-04-18,300.25
TSLA,2017-04-19,305.52
TSLA,2017-04-20,302.51
TSLA,2017-04-21,305.6
TSLA,2017-04-24,308.03
TSLA,2017-04-25,313.79
TSLA,2017-04-26,310.17
TSLA,2017-04-27,308.63
TSLA,2017-04-28,314.07
TSLA,2017-05-01,322.83
TSLA,2017-05-02,318.89
TSLA,2017-05-03,311.02
TSLA,2017-05-04,295.46
TSLA,2017-05-05,308.35
TSLA,2017-05-08,307.19
TSLA,2017-05-09,321.26
TSLA,2017-05-10,325.22
TSLA,2017-05-11,323.1
TSLA,2017-05-12,324.81
TSLA,2017-05-15,315.88
TSLA,2017-05-16,317.01
TSLA,2017-05-17,306.11
TSLA,2017-05-18,313.06
TSLA,2017-05-19,310.83
TSLA,2017-05-22,310.35
TSLA,2017-05-23,303.86
TSLA,2017-05-24,310.22
TSLA,2017-05-25,316.83
TSLA,2017-05-26,325.14
TSLA,2017-05-29,325.14
TSLA,2017-05-30,335.1
TSLA,2017-05-31,341.01
TSLA,2017-06-01,340.37
TSLA,2017-06-02,339.85
TSLA,2017-06-05,347.32
TSLA,2017-06-06,352.85
TSLA,2017-06-07,359.65
TSLA,2017-06-08,370
TSLA,2017-06-09,357.32
TSLA,2017-06-12,359.01
TSLA,2017-06-13,375.95
TSLA,2017-06-14,380.66
TSLA,2017-06-15,375.34
TSLA,2017-06-16,371.4
TSLA,2017-06-19,369.8
TSLA,2017-06-20,372.24
TSLA,2017-06-21,376.4
TSLA,2017-06-22,382.61
TSLA,2017-06-23,383.45
TSLA,2017-06-26,377.49
TSLA,2017-06-27,362.37
TSLA,2017-06-28,371.24
TSLA,2017-06-29,360.75
TSLA,2017-06-30,361.61
TSLA,2017-07-03,352.62
TSLA,2017-07-04,352.62
TSLA,2017-07-05,327.09
TSLA,2017-07-06,308.83
TSLA,2017-07-07,313.22
TSLA,2017-07-10,316.05
TSLA,2017-07-11,327.22
TSLA,2017-07-12,329.52
TSLA,2017-07-13,323.41
TSLA,2017-07-14,327.78
TSLA,2017-07-17,319.57
TSLA,2017-07-18,328.24
TSLA,2017-07-19,325.26
TSLA,2017-07-20,329.92
TSLA,2017-07-21,328.4
TSLA,2017-07-24,342.52
TSLA,2017-07-25,339.6
TSLA,2017-07-26,343.85
TSLA,2017-07-27,334.46
TSLA,2017-07-28,335.07
TSLA,2017-07-31,323.47
TSLA,2017-08-01,319.57
TSLA,2017-08-02,325.89
TSLA,2017-08-03,347.09
TSLA,2017-08-04,356.91
TSLA,2017-08-07,355.17
TSLA,2017-08-08,365.22
TSLA,2017-08-09,363.53
TSLA,2017-08-10,355.4
TSLA,2017-08-11,357.87
TSLA,2017-08-14,363.8
TSLA,2017-08-15,362.33
TSLA,2017-08-16,362.91
TSLA,2017-08-17,351.92
TSLA,2017-08-18,347.46
TSLA,2017-08-21,337.86
TSLA,2017-08-22,341.35
TSLA,2017-08-23,352.77
TSLA,2017-08-24,352.93
TSLA,2017-08-25,348.05
TSLA,2017-08-28,345.66
TSLA,2017-08-29,347.36
TSLA,2017-08-30,353.18
TSLA,2017-08-31,355.9
TSLA,2017-09-01,355.4
TSLA,2017-09-04,355.4
TSLA,2017-09-05,349.59
TSLA,2017-09-06,344.53
TSLA,2017-09-07,350.61
TSLA,2017-09-08,343.4
TSLA,2017-09-11,363.69
TSLA,2017-09-12,362.75
TSLA,2017-09-13,366.23
TSLA,2017-09-14,377.64
TSLA,2017-09-15,379.81
TSLA,2017-09-18,385
TSLA,2017-09-19,375.1
TSLA,2017-09-20,373.91
TSLA,2017-09-21,366.48
TSLA,2017-09-22,351.09
TSLA,2017-09-25,344.99
TSLA,2017-09-26,345.25
TSLA,2017-09-27,340.97
TSLA,2017-09-28,339.6
TSLA,2017-09-29,341.1
TSLA,2017-10-02,341.53
TSLA,2017-10-03,348.14
TSLA,2017-10-04,355.01
TSLA,2017-10-05,355.33
TSLA,2017-10-06,356.88
TSLA,2017-10-09,342.94
TSLA,2017-10-10,355.59
TSLA,2017-10-11,354.6
TSLA,2017-10-12,355.68
TSLA,2017-10-13,355.57
TSLA,2017-10-16,350.6
TSLA,2017-10-17,355.75
TSLA,2017-10-18,359.65
TSLA,2017-10-19,351.81
TSLA,2017-10-20,345.1
TSLA,2017-10-23,337.02
TSLA,2017-10-24,337.34
TSLA,2017-10-25,325.84
TSLA,2017-10-26,326.17
TSLA,2017-10-27,320.87
TSLA,2017-10-30,320.08
TSLA,2017-10-31,331.53
TSLA,2017-11-01,321.08
TSLA,2017-11-02,299.26
TSLA,2017-11-03,306.09
TSLA,2017-11-06,302.78
TSLA,2017-11-07,306.05
TSLA,2017-11-08,304.39
TSLA,2017-11-09,302.99
TSLA,2017-11-10,302.99
TSLA,2017-11-13,315.4
TSLA,2017-11-14,308.7
TSLA,2017-11-15,311.3
TSLA,2017-11-16,312.5
TSLA,2017-11-17,315.05
TSLA,2017-11-20,308.74
TSLA,2017-11-21,317.81
TSLA,2017-11-22,312.6
TSLA,2017-11-23,312.6
TSLA,2017-11-24,315.55
TSLA,2017-11-27,316.81
TSLA,2017-11-28,317.55
TSLA,2017-11-29,307.54
TSLA,2017-11-30,308.85
TSLA,2017-12-01,306.53
TSLA,2017-12-04,305.2
TSLA,2017-12-05,303.7
TSLA,2017-12-06,313.26
TSLA,2017-12-07,311.24
TSLA,2017-12-08,315.13
TSLA,2017-12-11,328.91
TSLA,2017-12-12,341.03
TSLA,2017-12-13,339.03
TSLA,2017-12-14,337.89
TSLA,2017-12-15,343.45
TSLA,2017-12-18,338.87
TSLA,2017-12-19,331.1
TSLA,2017-12-20,328.98
TSLA,2017-12-21,331.66
TSLA,2017-12-22,325.2
TSLA,2017-12-25,325.2
TSLA,2017-12-26,317.29
TSLA,2017-12-27,311.64
TSLA,2017-12-28,315.36
TSLA,2017-12-29,311.35
DE,2017-01-02,103.04
DE,2017-01-03,104.05
DE,2017-01-04,105.82
DE,2017-01-05,105.35
DE,2017-01-06,106.49
DE,2017-01-09,105.19
DE,2017-01-10,104.89
DE,2017-01-11,105.71
DE,2017-01-12,105.17
DE,2017-01-13,105.79
DE,2017-01-16,105.79
DE,2017-01-17,104.34
DE,2017-01-18,105.24
DE,2017-01-19,105.02
DE,2017-01-20,106.74
DE,2017-01-23,107.12
DE,2017-01-24,107.67
DE,2017-01-25,108.06
DE,2017-01-26,107.63
DE,2017-01-27,107.99
DE,2017-01-30,107.06
DE,2017-01-31,107.05
DE,2017-02-01,107.15
DE,2017-02-02,107.43
DE,2017-02-03,107.99
DE,2017-02-06,108.06
DE,2017-02-07,108.76
DE,2017-02-08,108.41
DE,2017-02-09,109.12
DE,2017-02-10,110.24
DE,2017-02-13,110.75
DE,2017-02-14,110.05
DE,2017-02-15,109.12
DE,2017-02-16,109.17
DE,2017-02-17,110.27
DE,2017-02-20,110.27
DE,2017-02-21,109.61
DE,2017-02-22,109.65
DE,2017-02-23,107.73
DE,2017-02-24,108.62
DE,2017-02-27,109.51
DE,2017-02-28,109.49
DE,2017-03-01,111.22
DE,2017-03-02,109.54
DE,2017-03-03,110.83
DE,2017-03-06,110.84
DE,2017-03-07,110.24
DE,2017-03-08,110.47
DE,2017-03-09,109.58
DE,2017-03-10,109.92
DE,2017-03-13,109.88
DE,2017-03-14,109.21
DE,2017-03-15,110.79
DE,2017-03-16,110.73
DE,2017-03-17,110.45
DE,2017-03-20,110.88
DE,2017-03-21,109.61
DE,2017-03-22,109.77
DE,2017-03-23,109.53
DE,2017-03-24,108.98
DE,2017-03-27,107.16
DE,2017-03-28,108.33
DE,2017-03-29,108.18
DE,2017-03-30,109.17
DE,2017-03-31,108.86
DE,2017-04-03,108.78
DE,2017-04-04,109.5
DE,2017-04-05,109.25
DE,2017-04-06,110.44
DE,2017-04-07,109.32
DE,2017-04-10,109.63
DE,2017-04-11,111.16
DE,2017-04-12,109.35
DE,2017-04-13,108
DE,2017-04-14,108
DE,2017-04-17,108.8
DE,2017-04-18,108.47
DE,2017-04-19,108.22
DE,2017-04-20,108.8
DE,2017-04-21,107.54
DE,2017-04-24,110.25
DE,2017-04-25,113.15
DE,2017-04-26,112.55
DE,2017-04-27,111.18
DE,2017-04-28,111.61
DE,2017-05-01,111.97
DE,2017-05-02,110.93
DE,2017-05-03,110.79
DE,2017-05-04,112.03
DE,2017-05-05,113.11
DE,2017-05-08,112.64
DE,2017-05-09,113.58
DE,2017-05-10,113.55
DE,2017-05-11,113.47
DE,2017-05-12,113.11
DE,2017-05-15,113.8
DE,2017-05-16,114.8
DE,2017-05-17,113.23
DE,2017-05-18,112.67
DE,2017-05-19,120.9
DE,2017-05-22,121.71
DE,2017-05-23,122.13
DE,2017-05-24,122.78
DE,2017-05-25,122.43
DE,2017-05-26,122.79
DE,2017-05-29,122.79
DE,2017-05-30,122.26
DE,2017-05-31,122.46
DE,2017-06-01,124.7
DE,2017-06-02,124.91
DE,2017-06-05,125.33
DE,2017-06-06,125.05
DE,2017-06-07,125.29
DE,2017-06-08,126
DE,2017-06-09,125.95
DE,2017-06-12,126
DE,2017-06-13,126.42
DE,2017-06-14,126.43
DE,2017-06-15,126.37
DE,2017-06-16,127.9
DE,2017-06-19,126.99
DE,2017-06-20,126.04
DE,2017-06-21,124.78
DE,2017-06-22,123.86
DE,2017-06-23,123.6
DE,2017-06-26,123.35
DE,2017-06-27,122
DE,2017-06-28,123.47
DE,2017-06-29,121.91
DE,2017-06-30,123.59
DE,2017-07-03,124.95
DE,2017-07-04,124.95
DE,2017-07-05,125.6
DE,2017-07-06,125.09
DE,2017-07-07,126.64
DE,2017-07-10,128.14
DE,2017-07-11,128.06
DE,2017-07-12,123.48
DE,2017-07-13,124.42
DE,2017-07-14,125.47
DE,2017-07-17,125.88
DE,2017-07-18,126.09
DE,2017-07-19,126.31
DE,2017-07-20,125.6
DE,2017-07-21,125.75
DE,2017-07-24,126.55
DE,2017-07-25,127.9
DE,2017-07-26,127.82
DE,2017-07-27,128.44
DE,2017-07-28,128.91
DE,2017-07-31,128.28
DE,2017-08-01,129.02
DE,2017-08-02,128.98
DE,2017-08-03,129.51
DE,2017-08-04,129.75
DE,2017-08-07,129.96
DE,2017-08-08,132.02
DE,2017-08-09,132.41
DE,2017-08-10,127.78
DE,2017-08-11,126.7
DE,2017-08-14,128.57
DE,2017-08-15,127.18
DE,2017-08-16,126.63
DE,2017-08-17,123.98
DE,2017-08-18,117.31
DE,2017-08-21,116.52
DE,2017-08-22,117.48
DE,2017-08-23,116.45
DE,2017-08-24,115.44
DE,2017-08-25,115.84
DE,2017-08-28,115.96
DE,2017-08-29,115.89
DE,2017-08-30,115.49
DE,2017-08-31,115.93
DE,2017-09-01,116.14
DE,2017-09-04,116.14
DE,2017-09-05,115.53
DE,2017-09-06,116.22
DE,2017-09-07,116.33
DE,2017-09-08,117.3
DE,2017-09-11,117.93
DE,2017-09-12,117.26
DE,2017-09-13,117.37
DE,2017-09-14,118.37
DE,2017-09-15,119.01
DE,2017-09-18,119.89
DE,2017-09-19,123.08
DE,2017-09-20,123.95
DE,2017-09-21,124.78
DE,2017-09-22,123.75
DE,2017-09-25,123.77
DE,2017-09-26,123.28
DE,2017-09-27,123.32
DE,2017-09-28,123.66
DE,2017-09-29,125.59
DE,2017-10-02,127.29
DE,2017-10-03,128.1
DE,2017-10-04,128.33
DE,2017-10-05,128.01
DE,2017-10-06,128.13
DE,2017-10-09,128.64
DE,2017-10-10,128.25
DE,2017-10-11,127.77
DE,2017-10-12,128.5
DE,2017-10-13,127.91
DE,2017-10-16,127.72
DE,2017-10-17,128.69
DE,2017-10-18,128.72
DE,2017-10-19,128.52
DE,2017-10-20,129.15
DE,2017-10-23,129.59
DE,2017-10-24,131.02
DE,2017-10-25,130.56
DE,2017-10-26,132.14
DE,2017-10-27,133.25
DE,2017-10-30,132.3
DE,2017-10-31,132.88
DE,2017-11-01,134.27
DE,2017-11-02,134.44
DE,2017-11-03,135.03
DE,2017-11-06,135.31
DE,2017-11-07,135.71
DE,2017-11-08,134.64
DE,2017-11-09,131.28
DE,2017-11-10,132.23
DE,2017-11-13,131.91
DE,2017-11-14,132.88
DE,2017-11-15,132.27
DE,2017-11-16,134.61
DE,2017-11-17,135.77
DE,2017-11-20,136.92
DE,2017-11-21,139.23
DE,2017-11-22,145.25
DE,2017-11-23,145.25
DE,2017-11-24,145.5
DE,2017-11-27,148.77
DE,2017-11-28,149.38
DE,2017-11-29,148.44
DE,2017-11-30,149.86
DE,2017-12-01,149.94
DE,2017-12-04,150.97
DE,2017-12-05,150.67
DE,2017-12-06,149.45
DE,2017-12-07,151.11
DE,2017-12-08,151.58
DE,2017-12-11,151.33
DE,2017-12-12,151.07
DE,2017-12-13,151.95
DE,2017-12-14,149.44
DE,2017-12-15,150.87
DE,2017-12-18,154.04
DE,2017-12-19,154.48
DE,2017-12-20,154.37
DE,2017-12-21,155.86
DE,2017-12-22,157.53
DE,2017-12-25,157.53
DE,2017-12-26,158.75
DE,2017-12-27,158.58
DE,2017-12-28,157.7
DE,2017-12-29,156.51
HD,2017-01-02,134.08
HD,2017-01-03,134.31
HD,2017-01-04,135.5
HD,2017-01-05,133.9
HD,2017-01-06,133.53
HD,2017-01-09,134.31
HD,2017-01-10,136.1
HD,2017-01-11,135.7
HD,2017-01-12,135.07
HD,2017-01-13,135.04
HD,2017-01-16,135.04
HD,2017-01-17,135.93
HD,2017-01-18,136.16
HD,2017-01-19,135.39
HD,2017-01-20,135.6
HD,2017-01-23,138.07
HD,2017-01-24,138.06
HD,2017-01-25,137.48
HD,2017-01-26,138.46
HD,2017-01-27,138.33
HD,2017-01-30,138.47
HD,2017-01-31,137.58
HD,2017-02-01,137.44
HD,2017-02-02,136.95
HD,2017-02-03,137.98
HD,2017-02-06,136.49
HD,2017-02-07,136.65
HD,2017-02-08,137.88
HD,2017-02-09,138.71
HD,2017-02-10,139.85
HD,2017-02-13,139.87
HD,2017-02-14,141.36
HD,2017-02-15,142.19
HD,2017-02-16,141.54
HD,2017-02-17,143
HD,2017-02-20,143
HD,2017-02-21,145.02
HD,2017-02-22,145.25
HD,2017-02-23,144.71
HD,2017-02-24,145.95
HD,2017-02-27,145.3
HD,2017-02-28,144.91
HD,2017-03-01,146.68
HD,2017-03-02,147.95
HD,2017-03-03,147.81
HD,2017-03-06,147.13
HD,2017-03-07,146.02
HD,2017-03-08,146.92
HD,2017-03-09,146.62
HD,2017-03-10,146.85
HD,2017-03-13,147.43
HD,2017-03-14,147.16
HD,2017-03-15,147.95
HD,2017-03-16,148.73
HD,2017-03-17,149.6
HD,2017-03-20,147.8
HD,2017-03-21,146.61
HD,2017-03-22,147.36
HD,2017-03-23,147.99
HD,2017-03-24,147.71
HD,2017-03-27,146.87
HD,2017-03-28,147.2
HD,2017-03-29,147.04
HD,2017-03-30,146.95
HD,2017-03-31,146.83
HD,2017-04-03,146.62
HD,2017-04-04,146.34
HD,2017-04-05,146.64
HD,2017-04-06,147.24
HD,2017-04-07,147.13
HD,2017-04-10,148.21
HD,2017-04-11,148.2
HD,2017-04-12,146.54
HD,2017-04-13,145.91
HD,2017-04-14,145.91
HD,2017-04-17,147.31
HD,2017-04-18,147.76
HD,2017-04-19,147.22
HD,2017-04-20,148.72
HD,2017-04-21,150
HD,2017-04-24,151.89
HD,2017-04-25,153.03
HD,2017-04-26,154.22
HD,2017-04-27,156.12
HD,2017-04-28,156.1
HD,2017-05-01,154.21
HD,2017-05-02,154.95
HD,2017-05-03,155
HD,2017-05-04,154.86
HD,2017-05-05,155.73
HD,2017-05-08,156.89
HD,2017-05-09,157.68
HD,2017-05-10,158.13
HD,2017-05-11,156.2
HD,2017-05-12,156.92
HD,2017-05-15,157.33
HD,2017-05-16,158.26
HD,2017-05-17,156.09
HD,2017-05-18,155.7
HD,2017-05-19,156.3
HD,2017-05-22,155.96
HD,2017-05-23,154.83
HD,2017-05-24,155
HD,2017-05-25,156.46
HD,2017-05-26,154.9
HD,2017-05-29,154.9
HD,2017-05-30,153.88
HD,2017-05-31,153.51
HD,2017-06-01,155.15
HD,2017-06-02,155.35
HD,2017-06-05,154.79
HD,2017-06-06,154.2
HD,2017-06-07,154.96
HD,2017-06-08,153.5
HD,2017-06-09,152.96
HD,2017-06-12,152.18
HD,2017-06-13,153.99
HD,2017-06-14,156.76
HD,2017-06-15,156.77
HD,2017-06-16,156.64
HD,2017-06-19,158.81
HD,2017-06-20,157.67
HD,2017-06-21,156.59
HD,2017-06-22,155.48
HD,2017-06-23,151.31
HD,2017-06-26,151.42
HD,2017-06-27,152.24
HD,2017-06-28,153.23
HD,2017-06-29,152.16
HD,2017-06-30,153.4
HD,2017-07-03,154.01
HD,2017-07-04,154.01
HD,2017-07-05,152.69
HD,2017-07-06,152.05
HD,2017-07-07,152.23
HD,2017-07-10,151.18
HD,2017-07-11,150.6
HD,2017-07-12,152.59
HD,2017-07-13,153.29
HD,2017-07-14,152.88
HD,2017-07-17,153.89
HD,2017-07-18,152.17
HD,2017-07-19,153.3
HD,2017-07-20,147.03
HD,2017-07-21,146.65
HD,2017-07-24,144.58
HD,2017-07-25,146.97
HD,2017-07-26,146.69
HD,2017-07-27,147.73
HD,2017-07-28,148.08
HD,2017-07-31,149.6
HD,2017-08-01,149.85
HD,2017-08-02,150.5
HD,2017-08-03,150.79
HD,2017-08-04,152.75
HD,2017-08-07,153.35
HD,2017-08-08,153.35
HD,2017-08-09,155.26
HD,2017-08-10,153.88
HD,2017-08-11,154.88
HD,2017-08-14,154.26
HD,2017-08-15,150.17
HD,2017-08-16,152.25
HD,2017-08-17,149.67
HD,2017-08-18,147.49
HD,2017-08-21,149.2
HD,2017-08-22,149.91
HD,2017-08-23,149.1
HD,2017-08-24,148.25
HD,2017-08-25,149.65
HD,2017-08-28,151.39
HD,2017-08-29,149.84
HD,2017-08-30,150
HD,2017-08-31,149.87
HD,2017-09-01,150.78
HD,2017-09-04,150.78
HD,2017-09-05,152.93
HD,2017-09-06,156.56
HD,2017-09-07,157.93
HD,2017-09-08,159.66
HD,2017-09-11,158.37
HD,2017-09-12,159.91
HD,2017-09-13,160.02
HD,2017-09-14,159.38
HD,2017-09-15,158.4
HD,2017-09-18,157.81
HD,2017-09-19,157.66
HD,2017-09-20,158.68
HD,2017-09-21,159.19
HD,2017-09-22,159.97
HD,2017-09-25,161.1
HD,2017-09-26,161.26
HD,2017-09-27,160.92
HD,2017-09-28,162.36
HD,2017-09-29,163.56
HD,2017-10-02,164.02
HD,2017-10-03,165.17
HD,2017-10-04,165.29
HD,2017-10-05,166.12
HD,2017-10-06,165.85
HD,2017-10-09,165.71
HD,2017-10-10,165.16
HD,2017-10-11,165.25
HD,2017-10-12,164.59
HD,2017-10-13,164.47
HD,2017-10-16,164.22
HD,2017-10-17,163.35
HD,2017-10-18,163.45
HD,2017-10-19,163.24
HD,2017-10-20,163.43
HD,2017-10-23,164.74
HD,2017-10-24,166.03
HD,2017-10-25,166.07
HD,2017-10-26,167.65
HD,2017-10-27,167.34
HD,2017-10-30,165.31
HD,2017-10-31,165.78
HD,2017-11-01,165.38
HD,2017-11-02,162.71
HD,2017-11-03,164.39
HD,2017-11-06,164.22
HD,2017-11-07,163.66
HD,2017-11-08,164.05
HD,2017-11-09,163.27
HD,2017-11-10,164.11
HD,2017-11-13,165.35
HD,2017-11-14,168.06
HD,2017-11-15,165.47
HD,2017-11-16,167.5
HD,2017-11-17,167.74
HD,2017-11-20,170.45
HD,2017-11-21,172.86
HD,2017-11-22,172.06
HD,2017-11-23,172.06
HD,2017-11-24,172.33
HD,2017-11-27,174.16
HD,2017-11-28,176.57
HD,2017-11-29,177.25
HD,2017-11-30,179.82
HD,2017-12-01,180.42
HD,2017-12-04,184.9
HD,2017-12-05,182.85
HD,2017-12-06,180.8
HD,2017-12-07,182
HD,2017-12-08,183.41
HD,2017-12-11,182.25
HD,2017-12-12,181.8
HD,2017-12-13,183.03
HD,2017-12-14,182.13
HD,2017-12-15,182.58
HD,2017-12-18,184.73
HD,2017-12-19,185.98
HD,2017-12-20,187.31
HD,2017-12-21,188.08
HD,2017-12-22,188.13
HD,2017-12-25,188.13
HD,2017-12-26,190.36
HD,2017-12-27,190.19
HD,2017-12-28,189.78
HD,2017-12-29,189.53
UNP,2017-01-02,103.68
UNP,2017-01-03,102.52
UNP,2017-01-04,103.14
UNP,2017-01-05,102.13
UNP,2017-01-06,103.19
UNP,2017-01-09,102.42
UNP,2017-01-10,103.42
UNP,2017-01-11,104.27
UNP,2017-01-12,104.7
UNP,2017-01-13,105.25
UNP,2017-01-16,105.25
UNP,2017-01-17,103.37
UNP,2017-01-18,103.77
UNP,2017-01-19,106.24
UNP,2017-01-20,108.6
UNP,2017-01-23,107.99
UNP,2017-01-24,108.72
UNP,2017-01-25,110.42
UNP,2017-01-26,110.15
UNP,2017-01-27,109.2
UNP,2017-01-30,108
UNP,2017-01-31,106.58
UNP,2017-02-01,107.7
UNP,2017-02-02,107.3
UNP,2017-02-03,108.51
UNP,2017-02-06,107.69
UNP,2017-02-07,107.65
UNP,2017-02-08,107.34
UNP,2017-02-09,107.42
UNP,2017-02-10,107.87
UNP,2017-02-13,108.32
UNP,2017-02-14,109.16
UNP,2017-02-15,109.78
UNP,2017-02-16,109.39
UNP,2017-02-17,109.82
UNP,2017-02-20,109.82
UNP,2017-02-21,109.67
UNP,2017-02-22,108.87
UNP,2017-02-23,106.7
UNP,2017-02-24,107.74
UNP,2017-02-27,107.5
UNP,2017-02-28,107.94
UNP,2017-03-01,110.11
UNP,2017-03-02,109.05
UNP,2017-03-03,109.02
UNP,2017-03-06,109.43
UNP,2017-03-07,108.36
UNP,2017-03-08,106.71
UNP,2017-03-09,106.18
UNP,2017-03-10,106.28
UNP,2017-03-13,106.45
UNP,2017-03-14,104.37
UNP,2017-03-15,105.58
UNP,2017-03-16,105.45
UNP,2017-03-17,105.99
UNP,2017-03-20,105.08
UNP,2017-03-21,103.65
UNP,2017-03-22,104.06
UNP,2017-03-23,103.87
UNP,2017-03-24,103.96
UNP,2017-03-27,104.02
UNP,2017-03-28,105.5
UNP,2017-03-29,105.58
UNP,2017-03-30,106.94
UNP,2017-03-31,105.92
UNP,2017-04-03,105.5
UNP,2017-04-04,107.2
UNP,2017-04-05,106.76
UNP,2017-04-06,107.07
UNP,2017-04-07,107.03
UNP,2017-04-10,107.62
UNP,2017-04-11,107.61
UNP,2017-04-12,105.57
UNP,2017-04-13,104.78
UNP,2017-04-14,104.78
UNP,2017-04-17,105.98
UNP,2017-04-18,106.24
UNP,2017-04-19,106.79
UNP,2017-04-20,107.9
UNP,2017-04-21,108.28
UNP,2017-04-24,109.33
UNP,2017-04-25,110.48
UNP,2017-04-26,110.17
UNP,2017-04-27,113.53
UNP,2017-04-28,111.96
UNP,2017-05-01,111.6
UNP,2017-05-02,111.09
UNP,2017-05-03,110.88
UNP,2017-05-04,110.33
UNP,2017-05-05,110.72
UNP,2017-05-08,110.02
UNP,2017-05-09,109.96
UNP,2017-05-10,109.32
UNP,2017-05-11,110.1
UNP,2017-05-12,110.48
UNP,2017-05-15,111.28
UNP,2017-05-16,111
UNP,2017-05-17,106.56
UNP,2017-05-18,107.14
UNP,2017-05-19,107.05
UNP,2017-05-22,107.83
UNP,2017-05-23,108
UNP,2017-05-24,108.05
UNP,2017-05-25,109.7
UNP,2017-05-26,110.57
UNP,2017-05-29,110.57
UNP,2017-05-30,110.81
UNP,2017-05-31,110.3
UNP,2017-06-01,110.59
UNP,2017-06-02,111.2
UNP,2017-06-05,110.19
UNP,2017-06-06,108.96
UNP,2017-06-07,109.11
UNP,2017-06-08,109.84
UNP,2017-06-09,109.75
UNP,2017-06-12,110.13
UNP,2017-06-13,111.54
UNP,2017-06-14,109.8
UNP,2017-06-15,110.67
UNP,2017-06-16,111.38
UNP,2017-06-19,111.83
UNP,2017-06-20,108.35
UNP,2017-06-21,107.62
UNP,2017-06-22,107.39
UNP,2017-06-23,108.1
UNP,2017-06-26,108.03
UNP,2017-06-27,107.35
UNP,2017-06-28,108.77
UNP,2017-06-29,107.89
UNP,2017-06-30,108.91
UNP,2017-07-03,110.04
UNP,2017-07-04,110.04
UNP,2017-07-05,108.25
UNP,2017-07-06,107.76
UNP,2017-07-07,108.35
UNP,2017-07-10,108.5
UNP,2017-07-11,108.59
UNP,2017-07-12,109.21
UNP,2017-07-13,108.85
UNP,2017-07-14,109.53
UNP,2017-07-17,109.05
UNP,2017-07-18,109.25
UNP,2017-07-19,107.84
UNP,2017-07-20,106.14
UNP,2017-07-21,104.85
UNP,2017-07-24,103.66
UNP,2017-07-25,104.96
UNP,2017-07-26,104.42
UNP,2017-07-27,101.4
UNP,2017-07-28,103.3
UNP,2017-07-31,102.96
UNP,2017-08-01,101.98
UNP,2017-08-02,102.33
UNP,2017-08-03,102.55
UNP,2017-08-04,102.48
UNP,2017-08-07,102.57
UNP,2017-08-08,103.06
UNP,2017-08-09,103.77
UNP,2017-08-10,102.69
UNP,2017-08-11,103.57
UNP,2017-08-14,104.73
UNP,2017-08-15,104.85
UNP,2017-08-16,105.85
UNP,2017-08-17,103.18
UNP,2017-08-18,103.9
UNP,2017-08-21,104.31
UNP,2017-08-22,106.21
UNP,2017-08-23,105.04
UNP,2017-08-24,104.57
UNP,2017-08-25,105.25
UNP,2017-08-28,104.55
UNP,2017-08-29,104.97
UNP,2017-08-30,104.94
UNP,2017-08-31,105.3
UNP,2017-09-01,105.47
UNP,2017-09-04,105.47
UNP,2017-09-05,104.1
UNP,2017-09-06,105.01
UNP,2017-09-07,105.49
UNP,2017-09-08,107.21
UNP,2017-09-11,108.1
UNP,2017-09-12,108.48
UNP,2017-09-13,108.66
UNP,2017-09-14,110.86
UNP,2017-09-15,113.4
UNP,2017-09-18,112.03
UNP,2017-09-19,113
UNP,2017-09-20,115
UNP,2017-09-21,115.44
UNP,2017-09-22,115.34
UNP,2017-09-25,115.79
UNP,2017-09-26,115.43
UNP,2017-09-27,116.64
UNP,2017-09-28,115.97
UNP,2017-09-29,115.97
UNP,2017-10-02,115.26
UNP,2017-10-03,114.89
UNP,2017-10-04,113.77
UNP,2017-10-05,114.02
UNP,2017-10-06,113.95
UNP,2017-10-09,113.88
UNP,2017-10-10,112.63
UNP,2017-10-11,113.05
UNP,2017-10-12,113.69
UNP,2017-10-13,112.28
UNP,2017-10-16,112.09
UNP,2017-10-17,110.57
UNP,2017-10-18,110.38
UNP,2017-10-19,112.01
UNP,2017-10-20,112.99
UNP,2017-10-23,113.19
UNP,2017-10-24,112.9
UNP,2017-10-25,110.27
UNP,2017-10-26,116.47
UNP,2017-10-27,117.08
UNP,2017-10-30,116.37
UNP,2017-10-31,115.79
UNP,2017-11-01,117
UNP,2017-11-02,118.39
UNP,2017-11-03,117.18
UNP,2017-11-06,117.33
UNP,2017-11-07,117.04
UNP,2017-11-08,117.8
UNP,2017-11-09,117.07
UNP,2017-11-10,116.7
UNP,2017-11-13,116.48
UNP,2017-11-14,116.23
UNP,2017-11-15,115.7
UNP,2017-11-16,116.57
UNP,2017-11-17,115.63
UNP,2017-11-20,116.01
UNP,2017-11-21,117.12
UNP,2017-11-22,117.86
UNP,2017-11-23,117.86
UNP,2017-11-24,118.25
UNP,2017-11-27,117.16
UNP,2017-11-28,118.8
UNP,2017-11-29,122.94
UNP,2017-11-30,126.5
UNP,2017-12-01,124.62
UNP,2017-12-04,130.08
UNP,2017-12-05,128.01
UNP,2017-12-06,127.95
UNP,2017-12-07,128.46
UNP,2017-12-08,129.11
UNP,2017-12-11,129.05
UNP,2017-12-12,130.7
UNP,2017-12-13,130.31
UNP,2017-12-14,129.17
UNP,2017-12-15,130.6
UNP,2017-12-18,132.47
UNP,2017-12-19,133.24
UNP,2017-12-20,134.68
UNP,2017-12-21,133.73
UNP,2017-12-22,134.47
UNP,2017-12-25,134.47
UNP,2017-12-26,134.65
UNP,2017-12-27,136.32
UNP,2017-12-28,135.12
UNP,2017-12-29,134.1
CAT,2017-01-02,92.74
CAT,2017-01-03,93.99
CAT,2017-01-04,93.57
CAT,2017-01-05,93
CAT,2017-01-06,93.04
CAT,2017-01-09,92.37
CAT,2017-01-10,93.83
CAT,2017-01-11,94.65
CAT,2017-01-12,93.99
CAT,2017-01-13,94.48
CAT,2017-01-16,94.48
CAT,2017-01-17,93.57
CAT,2017-01-18,93.33
CAT,2017-01-19,93.38
CAT,2017-01-20,94.58
CAT,2017-01-23,94.46
CAT,2017-01-24,96.24
CAT,2017-01-25,98.15
CAT,2017-01-26,97.22
CAT,2017-01-27,98.99
CAT,2017-01-30,96.79
CAT,2017-01-31,95.66
CAT,2017-02-01,95.11
CAT,2017-02-02,93.77
CAT,2017-02-03,93.28
CAT,2017-02-06,92.87
CAT,2017-02-07,93.31
CAT,2017-02-08,92.91
CAT,2017-02-09,93.96
CAT,2017-02-10,96.31
CAT,2017-02-13,98.5
CAT,2017-02-14,98.09
CAT,2017-02-15,99.02
CAT,2017-02-16,98.26
CAT,2017-02-17,98.85
CAT,2017-02-20,98.85
CAT,2017-02-21,98.1
CAT,2017-02-22,98.2
CAT,2017-02-23,95.55
CAT,2017-02-24,95.48
CAT,2017-02-27,97.44
CAT,2017-02-28,96.66
CAT,2017-03-01,98.58
CAT,2017-03-02,94.36
CAT,2017-03-03,95.12
CAT,2017-03-06,95.66
CAT,2017-03-07,95.93
CAT,2017-03-08,93.23
CAT,2017-03-09,91.39
CAT,2017-03-10,92.31
CAT,2017-03-13,92.64
CAT,2017-03-14,91.86
CAT,2017-03-15,93.36
CAT,2017-03-16,92.85
CAT,2017-03-17,92.91
CAT,2017-03-20,95.4
CAT,2017-03-21,92.43
CAT,2017-03-22,92.43
CAT,2017-03-23,92.23
CAT,2017-03-24,92.15
CAT,2017-03-27,91.51
CAT,2017-03-28,92.95
CAT,2017-03-29,92.86
CAT,2017-03-30,93.22
CAT,2017-03-31,92.76
CAT,2017-04-03,92.27
CAT,2017-04-04,94.13
CAT,2017-04-05,94.24
CAT,2017-04-06,95.82
CAT,2017-04-07,95.52
CAT,2017-04-10,97.14
CAT,2017-04-11,97.1
CAT,2017-04-12,94.86
CAT,2017-04-13,93.1
CAT,2017-04-14,93.1
CAT,2017-04-17,94.14
CAT,2017-04-18,94.39
CAT,2017-04-19,93.47
CAT,2017-04-20,94.66
CAT,2017-04-21,94.32
CAT,2017-04-24,96.81
CAT,2017-04-25,104.42
CAT,2017-04-26,104.66
CAT,2017-04-27,102.68
CAT,2017-04-28,102.26
CAT,2017-05-01,102
CAT,2017-05-02,101.51
CAT,2017-05-03,101.54
CAT,2017-05-04,99.39
CAT,2017-05-05,99.64
CAT,2017-05-08,99.37
CAT,2017-05-09,99.29
CAT,2017-05-10,100.36
CAT,2017-05-11,100.99
CAT,2017-05-12,100.71
CAT,2017-05-15,102.42
CAT,2017-05-16,102.34
CAT,2017-05-17,100.14
CAT,2017-05-18,100.22
CAT,2017-05-19,102.43
CAT,2017-05-22,102.29
CAT,2017-05-23,103.63
CAT,2017-05-24,103.95
CAT,2017-05-25,105.02
CAT,2017-05-26,105.66
CAT,2017-05-29,105.66
CAT,2017-05-30,105.47
CAT,2017-05-31,105.43
CAT,2017-06-01,105.65
CAT,2017-06-02,105.95
CAT,2017-06-05,105.2
CAT,2017-06-06,104.55
CAT,2017-06-07,103.51
CAT,2017-06-08,105.01
CAT,2017-06-09,105.92
CAT,2017-06-12,106.07
CAT,2017-06-13,105.75
CAT,2017-06-14,104.71
CAT,2017-06-15,106.4
CAT,2017-06-16,107.6
CAT,2017-06-19,107.49
CAT,2017-06-20,107.04
CAT,2017-06-21,103.47
CAT,2017-06-22,103.84
CAT,2017-06-23,104.11
CAT,2017-06-26,104.25
CAT,2017-06-27,103.93
CAT,2017-06-28,106.45
CAT,2017-06-29,105.64
CAT,2017-06-30,107.46
CAT,2017-07-03,106.97
CAT,2017-07-04,106.97
CAT,2017-07-05,107.49
CAT,2017-07-06,106.51
CAT,2017-07-07,106.92
CAT,2017-07-10,107.84
CAT,2017-07-11,108.24
CAT,2017-07-12,108.96
CAT,2017-07-13,108.47
CAT,2017-07-14,108.77
CAT,2017-07-17,108.84
CAT,2017-07-18,107.07
CAT,2017-07-19,107.85
CAT,2017-07-20,107.32
CAT,2017-07-21,106.59
CAT,2017-07-24,108.18
CAT,2017-07-25,114.54
CAT,2017-07-26,113.52
CAT,2017-07-27,114.37
CAT,2017-07-28,114.1
CAT,2017-07-31,113.95
CAT,2017-08-01,113.1
CAT,2017-08-02,113.09
CAT,2017-08-03,113.56
CAT,2017-08-04,114.35
CAT,2017-08-07,114.71
CAT,2017-08-08,114.41
CAT,2017-08-09,114.34
CAT,2017-08-10,113.15
CAT,2017-08-11,112.85
CAT,2017-08-14,113.71
CAT,2017-08-15,113.65
CAT,2017-08-16,114.12
CAT,2017-08-17,113.14
CAT,2017-08-18,113.92
CAT,2017-08-21,113.6
CAT,2017-08-22,115.82
CAT,2017-08-23,114.75
CAT,2017-08-24,114.78
CAT,2017-08-25,115.35
CAT,2017-08-28,115.07
CAT,2017-08-29,116.01
CAT,2017-08-30,117.55
CAT,2017-08-31,117.49
CAT,2017-09-01,118.28
CAT,2017-09-04,118.28
CAT,2017-09-05,118.3
CAT,2017-09-06,116.98
CAT,2017-09-07,117.77
CAT,2017-09-08,117.82
CAT,2017-09-11,118.87
CAT,2017-09-12,120.94
CAT,2017-09-13,119.63
CAT,2017-09-14,120.48
CAT,2017-09-15,121.37
CAT,2017-09-18,123.83
CAT,2017-09-19,124.74
CAT,2017-09-20,124.85
CAT,2017-09-21,124.79
CAT,2017-09-22,124.43
CAT,2017-09-25,124.32
CAT,2017-09-26,124.51
CAT,2017-09-27,124.52
CAT,2017-09-28,125.23
CAT,2017-09-29,124.71
CAT,2017-10-02,124.72
CAT,2017-10-03,125.51
CAT,2017-10-04,126.74
CAT,2017-10-05,126.4
CAT,2017-10-06,126.93
CAT,2017-10-09,126.88
CAT,2017-10-10,128.19
CAT,2017-10-11,128.6
CAT,2017-10-12,129.99
CAT,2017-10-13,130.71
CAT,2017-10-16,131.47
CAT,2017-10-17,130.54
CAT,2017-10-18,131.29
CAT,2017-10-19,131.55
CAT,2017-10-20,131.36
CAT,2017-10-23,131.68
CAT,2017-10-24,138.24
CAT,2017-10-25,136.84
CAT,2017-10-26,136.94
CAT,2017-10-27,137.81
CAT,2017-10-30,136.49
CAT,2017-10-31,135.8
CAT,2017-11-01,136.29
CAT,2017-11-02,136.47
CAT,2017-11-03,136.63
CAT,2017-11-06,137.71
CAT,2017-11-07,138.81
CAT,2017-11-08,137.29
CAT,2017-11-09,135.34
CAT,2017-11-10,136.48
CAT,2017-11-13,136.53
CAT,2017-11-14,137.54
CAT,2017-11-15,134.1
CAT,2017-11-16,136.36
CAT,2017-11-17,136.13
CAT,2017-11-20,136.91
CAT,2017-11-21,137.6
CAT,2017-11-22,138.01
CAT,2017-11-23,138.01
CAT,2017-11-24,137.39
CAT,2017-11-27,137.19
CAT,2017-11-28,138.99
CAT,2017-11-29,138.06
CAT,2017-11-30,141.15
CAT,2017-12-01,141.52
CAT,2017-12-04,141.5
CAT,2017-12-05,140.14
CAT,2017-12-06,140.34
CAT,2017-12-07,142.89
CAT,2017-12-08,143.86
CAT,2017-12-11,143.77
CAT,2017-12-12,143.42
CAT,2017-12-13,148.57
CAT,2017-12-14,146.28
CAT,2017-12-15,146.69
CAT,2017-12-18,149.77
CAT,2017-12-19,150.91
CAT,2017-12-20,152.52
CAT,2017-12-21,154.64
CAT,2017-12-22,155.75
CAT,2017-12-25,155.75
CAT,2017-12-26,156.44
CAT,2017-12-27,157.52
CAT,2017-12-28,158.42
CAT,2017-12-29,157.58
GS,2017-01-02,239.45
GS,2017-01-03,241.57
GS,2017-01-04,243.13
GS,2017-01-05,241.32
GS,2017-01-06,244.9
GS,2017-01-09,242.89
GS,2017-01-10,242.57
GS,2017-01-11,245.76
GS,2017-01-12,243.84
GS,2017-01-13,244.3
GS,2017-01-16,244.3
GS,2017-01-17,235.74
GS,2017-01-18,234.29
GS,2017-01-19,231.41
GS,2017-01-20,232.2
GS,2017-01-23,232.67
GS,2017-01-24,233.68
GS,2017-01-25,237.25
GS,2017-01-26,239.58
GS,2017-01-27,236.95
GS,2017-01-30,233.9
GS,2017-01-31,229.32
GS,2017-02-01,230.67
GS,2017-02-02,230.41
GS,2017-02-03,240.95
GS,2017-02-06,239.98
GS,2017-02-07,239.62
GS,2017-02-08,237.73
GS,2017-02-09,241.55
GS,2017-02-10,242.72
GS,2017-02-13,246.27
GS,2017-02-14,249.46
GS,2017-02-15,250.54
GS,2017-02-16,249.44
GS,2017-02-17,250.38
GS,2017-02-20,250.38
GS,2017-02-21,251.76
GS,2017-02-22,251.73
GS,2017-02-23,251.19
GS,2017-02-24,247.35
GS,2017-02-27,249.33
GS,2017-02-28,248.06
GS,2017-03-01,252.71
GS,2017-03-02,251.06
GS,2017-03-03,252.89
GS,2017-03-06,252.01
GS,2017-03-07,250.9
GS,2017-03-08,250.24
GS,2017-03-09,250.18
GS,2017-03-10,248.38
GS,2017-03-13,248.16
GS,2017-03-14,247.72
GS,2017-03-15,246.78
GS,2017-03-16,248.22
GS,2017-03-17,243.94
GS,2017-03-20,242.14
GS,2017-03-21,233
GS,2017-03-22,231.07
GS,2017-03-23,231.9
GS,2017-03-24,228.41
GS,2017-03-27,225.48
GS,2017-03-28,229.33
GS,2017-03-29,228.45
GS,2017-03-30,231.22
GS,2017-03-31,229.72
GS,2017-04-03,228.96
GS,2017-04-04,229.26
GS,2017-04-05,227.66
GS,2017-04-06,228.64
GS,2017-04-07,227.88
GS,2017-04-10,228.89
GS,2017-04-11,227.74
GS,2017-04-12,225.75
GS,2017-04-13,223.32
GS,2017-04-14,223.32
GS,2017-04-17,226.26
GS,2017-04-18,215.59
GS,2017-04-19,214.09
GS,2017-04-20,218.06
GS,2017-04-21,216.86
GS,2017-04-24,223.22
GS,2017-04-25,226.63
GS,2017-04-26,226.2
GS,2017-04-27,225.81
GS,2017-04-28,223.8
GS,2017-05-01,224.85
GS,2017-05-02,225.12
GS,2017-05-03,226.31
GS,2017-05-04,226.59
GS,2017-05-05,226.87
GS,2017-05-08,225.03
GS,2017-05-09,223.76
GS,2017-05-10,224.88
GS,2017-05-11,224.76
GS,2017-05-12,222.82
GS,2017-05-15,225.12
GS,2017-05-16,225.6
GS,2017-05-17,213.72
GS,2017-05-18,215.16
GS,2017-05-19,215.39
GS,2017-05-22,216.02
GS,2017-05-23,219.64
GS,2017-05-24,223.83
GS,2017-05-25,222.47
GS,2017-05-26,223.53
GS,2017-05-29,223.53
GS,2017-05-30,218.42
GS,2017-05-31,211.26
GS,2017-06-01,215.01
GS,2017-06-02,213.31
GS,2017-06-05,213.99
GS,2017-06-06,214.53
GS,2017-06-07,215.78
GS,2017-06-08,218.76
GS,2017-06-09,222.44
GS,2017-06-12,221.91
GS,2017-06-13,224.2
GS,2017-06-14,226.51
GS,2017-06-15,223.23
GS,2017-06-16,221.81
GS,2017-06-19,226.13
GS,2017-06-20,225.1
GS,2017-06-21,222.49
GS,2017-06-22,219.77
GS,2017-06-23,217.19
GS,2017-06-26,220.44
GS,2017-06-27,220.28
GS,2017-06-28,223.22
GS,2017-06-29,224.41
GS,2017-06-30,221.9
GS,2017-07-03,227.28
GS,2017-07-04,227.28
GS,2017-07-05,228.04
GS,2017-07-06,226.69
GS,2017-07-07,225.28
GS,2017-07-10,225.84
GS,2017-07-11,226.95
GS,2017-07-12,227.39
GS,2017-07-13,230.4
GS,2017-07-14,228.6
GS,2017-07-17,229.26
GS,2017-07-18,223.31
GS,2017-07-19,222.87
GS,2017-07-20,222.3
GS,2017-07-21,220.18
GS,2017-07-24,218.18
GS,2017-07-25,221.58
GS,2017-07-26,222.25
GS,2017-07-27,221.48
GS,2017-07-28,223.61
GS,2017-07-31,225.33
GS,2017-08-01,227
GS,2017-08-02,226.27
GS,2017-08-03,223.99
GS,2017-08-04,229.79
GS,2017-08-07,232.92
GS,2017-08-08,232.05
GS,2017-08-09,231.01
GS,2017-08-10,225.5
GS,2017-08-11,224.15
GS,2017-08-14,227.36
GS,2017-08-15,227.59
GS,2017-08-16,225.61
GS,2017-08-17,221.42
GS,2017-08-18,222.15
GS,2017-08-21,220.79
GS,2017-08-22,223.58
GS,2017-08-23,222.74
GS,2017-08-24,222.99
GS,2017-08-25,222.47
GS,2017-08-28,220.35
GS,2017-08-29,219.96
GS,2017-08-30,222.42
GS,2017-08-31,223.74
GS,2017-09-01,225.88
GS,2017-09-04,225.88
GS,2017-09-05,217.78
GS,2017-09-06,218.83
GS,2017-09-07,215.84
GS,2017-09-08,217.21
GS,2017-09-11,221.06
GS,2017-09-12,225.95
GS,2017-09-13,226.56
GS,2017-09-14,226.85
GS,2017-09-15,225.22
GS,2017-09-18,227.53
GS,2017-09-19,228.91
GS,2017-09-20,229.79
GS,2017-09-21,231.29
GS,2017-09-22,231.03
GS,2017-09-25,230.26
GS,2017-09-26,229.94
GS,2017-09-27,234.76
GS,2017-09-28,235.47
GS,2017-09-29,237.19
GS,2017-10-02,240.65
GS,2017-10-03,241.62
GS,2017-10-04,240.31
GS,2017-10-05,246.06
GS,2017-10-06,246.02
GS,2017-10-09,242.8
GS,2017-10-10,242.6
GS,2017-10-11,242.4
GS,2017-10-12,239.8
GS,2017-10-13,238.53
GS,2017-10-16,242.41
GS,2017-10-17,236.09
GS,2017-10-18,242.03
GS,2017-10-19,239.99
GS,2017-10-20,244.73
GS,2017-10-23,242.13
GS,2017-10-24,244.84
GS,2017-10-25,241.71
GS,2017-10-26,241.72
GS,2017-10-27,241.71
GS,2017-10-30,240.89
GS,2017-10-31,242.48
GS,2017-11-01,244.26
GS,2017-11-02,246.88
GS,2017-11-03,244.4
GS,2017-11-06,243.49
GS,2017-11-07,239.81
GS,2017-11-08,241.25
GS,2017-11-09,240.79
GS,2017-11-10,240.15
GS,2017-11-13,240.27
GS,2017-11-14,237.24
GS,2017-11-15,237.61
GS,2017-11-16,239.37
GS,2017-11-17,238.02
GS,2017-11-20,238.13
GS,2017-11-21,238.02
GS,2017-11-22,236.43
GS,2017-11-23,236.43
GS,2017-11-24,235.95
GS,2017-11-27,235.11
GS,2017-11-28,239.41
GS,2017-11-29,241.36
GS,2017-11-30,247.64
GS,2017-12-01,248.95
GS,2017-12-04,250.65
GS,2017-12-05,248.33
GS,2017-12-06,245.95
GS,2017-12-07,248.56
GS,2017-12-08,250.35
GS,2017-12-11,250.13
GS,2017-12-12,257.68
GS,2017-12-13,255.56
GS,2017-12-14,255.48
GS,2017-12-15,257.17
GS,2017-12-18,260.02
GS,2017-12-19,256.48
GS,2017-12-20,255.18
GS,2017-12-21,261.01
GS,2017-12-22,258.97
GS,2017-12-25,258.97
GS,2017-12-26,257.72
GS,2017-12-27,255.95
GS,2017-12-28,256.5
GS,2017-12-29,254.76
COST,2017-01-02,160.11
COST,2017-01-03,159.73
COST,2017-01-04,159.76
COST,2017-01-05,162.91
COST,2017-01-06,162.83
COST,2017-01-09,160.97
COST,2017-01-10,161.66
COST,2017-01-11,161.54
COST,2017-01-12,161.87
COST,2017-01-13,161.86
COST,2017-01-16,161.86
COST,2017-01-17,163.81
COST,2017-01-18,164.27
COST,2017-01-19,163.7
COST,2017-01-20,164.24
COST,2017-01-23,163.01
COST,2017-01-24,163.67
COST,2017-01-25,164.14
COST,2017-01-26,164.07
COST,2017-01-27,162.06
COST,2017-01-30,163.25
COST,2017-01-31,163.95
COST,2017-02-01,161.86
COST,2017-02-02,168.15
COST,2017-02-03,168.32
COST,2017-02-06,167.03
COST,2017-02-07,167.52
COST,2017-02-08,168.42
COST,2017-02-09,170.96
COST,2017-02-10,172
COST,2017-02-13,171.96
COST,2017-02-14,173.63
COST,2017-02-15,175
COST,2017-02-16,175.75
COST,2017-02-17,175.86
COST,2017-02-20,175.86
COST,2017-02-21,176.94
COST,2017-02-22,176.51
COST,2017-02-23,175.85
COST,2017-02-24,177.56
COST,2017-02-27,177.62
COST,2017-02-28,177.18
COST,2017-03-01,177.86
COST,2017-03-02,177.98
COST,2017-03-03,170.26
COST,2017-03-06,166.73
COST,2017-03-07,167
COST,2017-03-08,166.24
COST,2017-03-09,165.77
COST,2017-03-10,165.37
COST,2017-03-13,164.55
COST,2017-03-14,165.24
COST,2017-03-15,166.54
COST,2017-03-16,167.06
COST,2017-03-17,167.81
COST,2017-03-20,167.44
COST,2017-03-21,166.78
COST,2017-03-22,167.68
COST,2017-03-23,166.9
COST,2017-03-24,166.02
COST,2017-03-27,166.15
COST,2017-03-28,166.77
COST,2017-03-29,167.43
COST,2017-03-30,167.89
COST,2017-03-31,167.69
COST,2017-04-03,166.7
COST,2017-04-04,167.25
COST,2017-04-05,167
COST,2017-04-06,170.02
COST,2017-04-07,170.62
COST,2017-04-10,171.22
COST,2017-04-11,170.63
COST,2017-04-12,170.17
COST,2017-04-13,168.84
COST,2017-04-14,168.84
COST,2017-04-17,169.7
COST,2017-04-18,170.13
COST,2017-04-19,170.06
COST,2017-04-20,170.15
COST,2017-04-21,170.77
COST,2017-04-24,172.33
COST,2017-04-25,172.68
COST,2017-04-26,176.8
COST,2017-04-27,177.45
COST,2017-04-28,177.52
COST,2017-05-01,177.86
COST,2017-05-02,178.59
COST,2017-05-03,179.82
COST,2017-05-04,182.45
COST,2017-05-05,180.2
COST,2017-05-08,172.64
COST,2017-05-09,172.68
COST,2017-05-10,171.35
COST,2017-05-11,171.26
COST,2017-05-12,170.88
COST,2017-05-15,171.57
COST,2017-05-16,171
COST,2017-05-17,169.15
COST,2017-05-18,170.72
COST,2017-05-19,171.64
COST,2017-05-22,172.4
COST,2017-05-23,172.47
COST,2017-05-24,173.01
COST,2017-05-25,174.73
COST,2017-05-26,177.86
COST,2017-05-29,177.86
COST,2017-05-30,178.92
COST,2017-05-31,180.43
COST,2017-06-01,180.63
COST,2017-06-02,180.97
COST,2017-06-05,182.08
COST,2017-06-06,181.45
COST,2017-06-07,182.2
COST,2017-06-08,181.41
COST,2017-06-09,180.38
COST,2017-06-12,179.64
COST,2017-06-13,180.51
COST,2017-06-14,181.67
COST,2017-06-15,180.06
COST,2017-06-16,167.11
COST,2017-06-19,164.34
COST,2017-06-20,162.9
COST,2017-06-21,163.15
COST,2017-06-22,159.79
COST,2017-06-23,157.13
COST,2017-06-26,160.2
COST,2017-06-27,159.26
COST,2017-06-28,160.17
COST,2017-06-29,158.68
COST,2017-06-30,159.93
COST,2017-07-03,158.82
COST,2017-07-04,158.82
COST,2017-07-05,158.02
COST,2017-07-06,157.09
COST,2017-07-07,154.11
COST,2017-07-10,151
COST,2017-07-11,151.11
COST,2017-07-12,151.75
COST,2017-07-13,153.6
COST,2017-07-14,153
COST,2017-07-17,152.84
COST,2017-07-18,151.5
COST,2017-07-19,151.24
COST,2017-07-20,150.99
COST,2017-07-21,150.44
COST,2017-07-24,151
COST,2017-07-25,153.17
COST,2017-07-26,152.09
COST,2017-07-27,152.52
COST,2017-07-28,152.89
COST,2017-07-31,158.51
COST,2017-08-01,159.72
COST,2017-08-02,161.28
COST,2017-08-03,157.91
COST,2017-08-04,156.44
COST,2017-08-07,156.95
COST,2017-08-08,157.75
COST,2017-08-09,156.86
COST,2017-08-10,156.64
COST,2017-08-11,156.65
COST,2017-08-14,157.91
COST,2017-08-15,156.88
COST,2017-08-16,159.76
COST,2017-08-17,158.57
COST,2017-08-18,157.08
COST,2017-08-21,157.07
COST,2017-08-22,158.7
COST,2017-08-23,159.37
COST,2017-08-24,151.33
COST,2017-08-25,152.45
COST,2017-08-28,152.55
COST,2017-08-29,153.56
COST,2017-08-30,154.44
COST,2017-08-31,156.74
COST,2017-09-01,158.24
COST,2017-09-04,158.24
COST,2017-09-05,159.14
COST,2017-09-06,158.86
COST,2017-09-07,159.28
COST,2017-09-08,157.31
COST,2017-09-11,157.36
COST,2017-09-12,160.04
COST,2017-09-13,162.99
COST,2017-09-14,162.37
COST,2017-09-15,162.3
COST,2017-09-18,160.91
COST,2017-09-19,161.56
COST,2017-09-20,162.85
COST,2017-09-21,161.48
COST,2017-09-22,161.29
COST,2017-09-25,162.33
COST,2017-09-26,164.07
COST,2017-09-27,164.42
COST,2017-09-28,163.9
COST,2017-09-29,164.29
COST,2017-10-02,165.89
COST,2017-10-03,165.08
COST,2017-10-04,165.21
COST,2017-10-05,167.07
COST,2017-10-06,157.09
COST,2017-10-09,154.61
COST,2017-10-10,156.87
COST,2017-10-11,157.87
COST,2017-10-12,157.22
COST,2017-10-13,159.85
COST,2017-10-16,158.81
COST,2017-10-17,158.38
COST,2017-10-18,157.55
COST,2017-10-19,158.46
COST,2017-10-20,160.77
COST,2017-10-23,162.04
COST,2017-10-24,162.29
COST,2017-10-25,162.18
COST,2017-10-26,162.46
COST,2017-10-27,162.38
COST,2017-10-30,160.23
COST,2017-10-31,161.08
COST,2017-11-01,162.69
COST,2017-11-02,164.95
COST,2017-11-03,166.44
COST,2017-11-06,165.05
COST,2017-11-07,166.28
COST,2017-11-08,169.05
COST,2017-11-09,169.11
COST,2017-11-10,171.36
COST,2017-11-13,171.46
COST,2017-11-14,171.44
COST,2017-11-15,169
COST,2017-11-16,170.98
COST,2017-11-17,170.98
COST,2017-11-20,172.28
COST,2017-11-21,173.42
COST,2017-11-22,172.48
COST,2017-11-23,172.48
COST,2017-11-24,171.62
COST,2017-11-27,172.61
COST,2017-11-28,173.65
COST,2017-11-29,177.53
COST,2017-11-30,184.43
COST,2017-12-01,185.13
COST,2017-12-04,189.56
COST,2017-12-05,187.82
COST,2017-12-06,187.22
COST,2017-12-07,186.2
COST,2017-12-08,188.07
COST,2017-12-11,188.86
COST,2017-12-12,188.3
COST,2017-12-13,188.28
COST,2017-12-14,186.53
COST,2017-12-15,192.73
COST,2017-12-18,192.31
COST,2017-12-19,188.33
COST,2017-12-20,187.51
COST,2017-12-21,186.8
COST,2017-12-22,186.63
COST,2017-12-25,186.63
COST,2017-12-26,186.55
COST,2017-12-27,186.3
COST,2017-12-28,186.62
COST,2017-12-29,186.12
